"Instituição","Instituição Dependente"
"AGIBANK FINANCEIRA S.A. - CRÉDITO, FINANCIAMENTO E INVESTIMENTO","AGIBANK FINANCEIRA S.A. - CRÉDITO, FINANCIAMENTO E INVESTIMENTO"
"AGIBANK FINANCEIRA S.A. - CRÉDITO, FINANCIAMENTO E INVESTIMENTO","BANCO AGIBANK S.A."
"AGORACRED S/A SOCIEDADE DE CRÉDITO, FINANCIAMENTO E INVESTIMENTO","AGORACRED S/A SOCIEDADE DE CRÉDITO, FINANCIAMENTO E INVESTIMENTO"
"AGROLEND SOCIEDADE DE CREDITO, FINANCIAMENTO E INVESTIMENTO S.A.","AGROLEND SOCIEDADE DE CREDITO, FINANCIAMENTO E INVESTIMENTO S.A."
"AL5 S.A. CRÉDITO, FINANCIAMENTO E INVESTIMENTO","AL5 S.A. CRÉDITO, FINANCIAMENTO E INVESTIMENTO"
"ASSOCIACAO DE POUPANCA E EMPRESTIMO - POUPEX","ASSOCIACAO DE POUPANCA E EMPRESTIMO - POUPEX"
"ATRIA S.A.- CRÉDITO, FINANCIAMENTO E INVESTIMENTO","ATRIA S.A.- CRÉDITO, FINANCIAMENTO E INVESTIMENTO"
"AYMORÉ CRÉDITO, FINANCIAMENTO E INVESTIMENTO S.A.","AYMORÉ CRÉDITO, FINANCIAMENTO E INVESTIMENTO S.A."
"AYMORÉ CRÉDITO, FINANCIAMENTO E INVESTIMENTO S.A.","BANCO BANDEPE S.A."
"AYMORÉ CRÉDITO, FINANCIAMENTO E INVESTIMENTO S.A.","BANCO HYUNDAI CAPITAL BRASIL S.A."
"AYMORÉ CRÉDITO, FINANCIAMENTO E INVESTIMENTO S.A.","BANCO RCI BRASIL S.A."
"AYMORÉ CRÉDITO, FINANCIAMENTO E INVESTIMENTO S.A.","BANCO SANTANDER (BRASIL) S.A."
"BANCO ABC BRASIL S.A.","BANCO ABC BRASIL S.A."
"BANCO ABN AMRO S.A.","BANCO ABN AMRO S.A."
"BANCO AFINZ S.A. - BANCO MÚLTIPLO","BANCO AFINZ S.A. - BANCO MÚLTIPLO"
"BANCO AGIBANK S.A.","AGIBANK FINANCEIRA S.A. - CRÉDITO, FINANCIAMENTO E INVESTIMENTO"
"BANCO AGIBANK S.A.","BANCO AGIBANK S.A."
"BANCO ALFA DE INVESTIMENTO S.A.","BANCO ALFA DE INVESTIMENTO S.A."
"BANCO ALFA DE INVESTIMENTO S.A.","BANCO ALFA S.A."
"BANCO ALFA DE INVESTIMENTO S.A.","BANCO J. SAFRA S.A."
"BANCO ALFA DE INVESTIMENTO S.A.","BANCO SAFRA S.A."
"BANCO ALFA DE INVESTIMENTO S.A.","FINANCEIRA ALFA S.A. - CREDITO, FINANCIAMENTO E INVESTIMENTOS"
"BANCO ALFA DE INVESTIMENTO S.A.","SAFRA CRÉDITO, FINANCIAMENTO E INVESTIMENTO S.A."
"BANCO ALFA S.A.","BANCO ALFA DE INVESTIMENTO S.A."
"BANCO ALFA S.A.","BANCO ALFA S.A."
"BANCO ALFA S.A.","BANCO J. SAFRA S.A."
"BANCO ALFA S.A.","BANCO SAFRA S.A."
"BANCO ALFA S.A.","FINANCEIRA ALFA S.A. - CREDITO, FINANCIAMENTO E INVESTIMENTOS"
"BANCO ALFA S.A.","SAFRA CRÉDITO, FINANCIAMENTO E INVESTIMENTO S.A."
"BANCO ANDBANK (BRASIL) S.A.","BANCO ANDBANK (BRASIL) S.A."
"BANCO ARBI S.A.","BANCO ARBI S.A."
"BANCO B3 S.A.","BANCO B3 S.A."
"BANCO BANDEPE S.A.","AYMORÉ CRÉDITO, FINANCIAMENTO E INVESTIMENTO S.A."
"BANCO BANDEPE S.A.","BANCO BANDEPE S.A."
"BANCO BANDEPE S.A.","BANCO HYUNDAI CAPITAL BRASIL S.A."
"BANCO BANDEPE S.A.","BANCO RCI BRASIL S.A."
"BANCO BANDEPE S.A.","BANCO SANTANDER (BRASIL) S.A."
"BANCO BARI DE INVESTIMENTOS E FINANCIAMENTOS S.A.","BANCO BARI DE INVESTIMENTOS E FINANCIAMENTOS S.A."
"BANCO BARI DE INVESTIMENTOS E FINANCIAMENTOS S.A.","BARI COMPANHIA HIPOTECÁRIA"
"BANCO BESA S.A.","BANCO BTG PACTUAL S.A."
"BANCO BESA S.A.","BANCO PAN S.A."
"BANCO BESA S.A.","BANCO SISTEMA S.A."
"BANCO BESA S.A.","PAN FINANCEIRA S.A. - CRÉDITO, FINANCIAMENTO E INVESTIMENTOS"
"BANCO BMG S.A.","BANCO BMG S.A."
"BANCO BMG S.A.","BANCO CIFRA S.A."
"BANCO BMG S.A.","BCV - BANCO DE CRÉDITO E VAREJO S.A."
"BANCO BNP PARIBAS BRASIL S.A.","BANCO BNP PARIBAS BRASIL S.A."
"BANCO BOCOM BBM S.A.","BANCO BOCOM BBM S.A."
"BANCO BRADESCARD S.A.","BANCO BRADESCARD S.A."
"BANCO BRADESCARD S.A.","BANCO BRADESCO BBI S.A."
"BANCO BRADESCARD S.A.","BANCO BRADESCO BERJ S.A."
"BANCO BRADESCARD S.A.","BANCO BRADESCO FINANCIAMENTOS S.A."
"BANCO BRADESCARD S.A.","BANCO BRADESCO S.A."
"BANCO BRADESCARD S.A.","BANCO DIGIO S.A."
"BANCO BRADESCARD S.A.","BANCO LOSANGO S.A. - BANCO MÚLTIPLO"
"BANCO BRADESCARD S.A.","KIRTON BANK S.A. - BANCO MÚLTIPLO"
"BANCO BRADESCO BBI S.A.","BANCO BRADESCARD S.A."
"BANCO BRADESCO BBI S.A.","BANCO BRADESCO BBI S.A."
"BANCO BRADESCO BBI S.A.","BANCO BRADESCO BERJ S.A."
"BANCO BRADESCO BBI S.A.","BANCO BRADESCO FINANCIAMENTOS S.A."
"BANCO BRADESCO BBI S.A.","BANCO BRADESCO S.A."
"BANCO BRADESCO BBI S.A.","BANCO DIGIO S.A."
"BANCO BRADESCO BBI S.A.","BANCO LOSANGO S.A. - BANCO MÚLTIPLO"
"BANCO BRADESCO BBI S.A.","KIRTON BANK S.A. - BANCO MÚLTIPLO"
"BANCO BRADESCO BERJ S.A.","BANCO BRADESCARD S.A."
"BANCO BRADESCO BERJ S.A.","BANCO BRADESCO BBI S.A."
"BANCO BRADESCO BERJ S.A.","BANCO BRADESCO BERJ S.A."
"BANCO BRADESCO BERJ S.A.","BANCO BRADESCO FINANCIAMENTOS S.A."
"BANCO BRADESCO BERJ S.A.","BANCO BRADESCO S.A."
"BANCO BRADESCO BERJ S.A.","BANCO DIGIO S.A."
"BANCO BRADESCO BERJ S.A.","BANCO LOSANGO S.A. - BANCO MÚLTIPLO"
"BANCO BRADESCO BERJ S.A.","KIRTON BANK S.A. - BANCO MÚLTIPLO"
"BANCO BRADESCO FINANCIAMENTOS S.A.","BANCO BRADESCARD S.A."
"BANCO BRADESCO FINANCIAMENTOS S.A.","BANCO BRADESCO BBI S.A."
"BANCO BRADESCO FINANCIAMENTOS S.A.","BANCO BRADESCO BERJ S.A."
"BANCO BRADESCO FINANCIAMENTOS S.A.","BANCO BRADESCO FINANCIAMENTOS S.A."
"BANCO BRADESCO FINANCIAMENTOS S.A.","BANCO BRADESCO S.A."
"BANCO BRADESCO FINANCIAMENTOS S.A.","BANCO DIGIO S.A."
"BANCO BRADESCO FINANCIAMENTOS S.A.","BANCO LOSANGO S.A. - BANCO MÚLTIPLO"
"BANCO BRADESCO FINANCIAMENTOS S.A.","KIRTON BANK S.A. - BANCO MÚLTIPLO"
"BANCO BRADESCO S.A.","BANCO BRADESCARD S.A."
"BANCO BRADESCO S.A.","BANCO BRADESCO BBI S.A."
"BANCO BRADESCO S.A.","BANCO BRADESCO BERJ S.A."
"BANCO BRADESCO S.A.","BANCO BRADESCO FINANCIAMENTOS S.A."
"BANCO BRADESCO S.A.","BANCO BRADESCO S.A."
"BANCO BRADESCO S.A.","BANCO DIGIO S.A."
"BANCO BRADESCO S.A.","BANCO LOSANGO S.A. - BANCO MÚLTIPLO"
"BANCO BRADESCO S.A.","KIRTON BANK S.A. - BANCO MÚLTIPLO"
"BANCO BRASILEIRO DE CRÉDITO SOCIEDADE ANÔNIMA","BANCO BRASILEIRO DE CRÉDITO SOCIEDADE ANÔNIMA"
"BANCO BS2 S.A.","BANCO BS2 S.A."
"BANCO BTG PACTUAL S.A.","BANCO BTG PACTUAL S.A."
"BANCO BTG PACTUAL S.A.","BANCO PAN S.A."
"BANCO BTG PACTUAL S.A.","BANCO SISTEMA S.A."
"BANCO BTG PACTUAL S.A.","PAN FINANCEIRA S.A. - CRÉDITO, FINANCIAMENTO E INVESTIMENTOS"
"BANCO BV S.A.","BANCO BV S.A."
"BANCO C6 CONSIGNADO S.A.","BANCO C6 CONSIGNADO S.A."
"BANCO C6 CONSIGNADO S.A.","BANCO C6 S.A."
"BANCO C6 S.A.","BANCO C6 CONSIGNADO S.A."
"BANCO C6 S.A.","BANCO C6 S.A."
"BANCO CAIXA GERAL - BRASIL S.A.","BANCO CAIXA GERAL - BRASIL S.A."
"BANCO CARGILL S.A.","BANCO CARGILL S.A."
"BANCO CATERPILLAR S.A.","BANCO CATERPILLAR S.A."
"BANCO CEDULA S.A.","BANCO CEDULA S.A."
"BANCO CIFRA S.A.","BANCO BMG S.A."
"BANCO CIFRA S.A.","BANCO CIFRA S.A."
"BANCO CIFRA S.A.","BCV - BANCO DE CRÉDITO E VAREJO S.A."
"BANCO CITIBANK S.A.","BANCO CITIBANK S.A."
"BANCO CITIBANK S.A.","CITIBANK N.A."
"BANCO CLASSICO S.A.","BANCO CLASSICO S.A."
"BANCO CNH INDUSTRIAL CAPITAL S.A.","BANCO CNH INDUSTRIAL CAPITAL S.A."
"BANCO CRÉDIT AGRICOLE BRASIL S.A.","BANCO CRÉDIT AGRICOLE BRASIL S.A."
"BANCO CREDIT SUISSE (BRASIL) S.A.","BANCO CREDIT SUISSE (BRASIL) S.A."
"BANCO CREDIT SUISSE (BRASIL) S.A.","BANCO DE INVESTIMENTOS CREDIT SUISSE (BRASIL) S.A."
"BANCO CREFISA S.A.","BANCO CREFISA S.A."
"BANCO CREFISA S.A.","CREFISA S.A.-CREDITO, FINANCIAMENTO E INVESTIMENTOS"
"BANCO CSF S.A.","BANCO CSF S.A."
"BANCO DA AMAZONIA S.A.","BANCO DA AMAZONIA S.A."
"BANCO DA CHINA BRASIL S.A.","BANCO DA CHINA BRASIL S.A."
"BANCO DAYCOVAL S.A.","BANCO DAYCOVAL S.A."
"BANCO DE DESENVOLVIMENTO DE MINAS GERAIS S.A.-BDMG","BANCO DE DESENVOLVIMENTO DE MINAS GERAIS S.A.-BDMG"
"BANCO DE DESENVOLVIMENTO DO ESPIRITO SANTO S.A.","BANCO DE DESENVOLVIMENTO DO ESPIRITO SANTO S.A."
"BANCO DE INVESTIMENTOS CREDIT SUISSE (BRASIL) S.A.","BANCO CREDIT SUISSE (BRASIL) S.A."
"BANCO DE INVESTIMENTOS CREDIT SUISSE (BRASIL) S.A.","BANCO DE INVESTIMENTOS CREDIT SUISSE (BRASIL) S.A."
"BANCO DE LA NACION ARGENTINA","BANCO DE LA NACION ARGENTINA"
"BANCO DE LA PROVINCIA DE BUENOS AIRES","BANCO DE LA PROVINCIA DE BUENOS AIRES"
"BANCO DE LAGE LANDEN BRASIL S.A.","BANCO DE LAGE LANDEN BRASIL S.A."
"BANCO DE RORAIMA S.A.","BANCO DE RORAIMA S.A."
"BANCO DIGIMAIS S.A.","BANCO DIGIMAIS S.A."
"BANCO DIGIO S.A.","BANCO BRADESCARD S.A."
"BANCO DIGIO S.A.","BANCO BRADESCO BBI S.A."
"BANCO DIGIO S.A.","BANCO BRADESCO BERJ S.A."
"BANCO DIGIO S.A.","BANCO BRADESCO FINANCIAMENTOS S.A."
"BANCO DIGIO S.A.","BANCO BRADESCO S.A."
"BANCO DIGIO S.A.","BANCO DIGIO S.A."
"BANCO DIGIO S.A.","BANCO LOSANGO S.A. - BANCO MÚLTIPLO"
"BANCO DIGIO S.A.","KIRTON BANK S.A. - BANCO MÚLTIPLO"
"BANCO DO BRASIL S.A.","BANCO DO BRASIL S.A."
"BANCO DO BRASIL S.A.","BB-BANCO DE INVESTIMENTO S/A"
"BANCO DO ESTADO DE SERGIPE S.A.","BANCO DO ESTADO DE SERGIPE S.A."
"BANCO DO ESTADO DO PARÁ S.A.","BANCO DO ESTADO DO PARÁ S.A."
"BANCO DO ESTADO DO RIO GRANDE DO SUL S.A.","BANCO DO ESTADO DO RIO GRANDE DO SUL S.A."
"BANCO DO NORDESTE DO BRASIL S.A.","BANCO DO NORDESTE DO BRASIL S.A."
"BANCO FATOR S.A.","BANCO FATOR S.A."
"BANCO FIBRA S.A.","BANCO FIBRA S.A."
"BANCO FINAXIS S.A.","BANCO FINAXIS S.A."
"BANCO GENIAL S.A.","BANCO GENIAL S.A."
"BANCO GM S.A.","BANCO GM S.A."
"BANCO GUANABARA S.A.","BANCO GUANABARA S.A."
"BANCO HONDA S.A.","BANCO HONDA S.A."
"BANCO HSBC S.A.","BANCO HSBC S.A."
"BANCO HYUNDAI CAPITAL BRASIL S.A.","AYMORÉ CRÉDITO, FINANCIAMENTO E INVESTIMENTO S.A."
"BANCO HYUNDAI CAPITAL BRASIL S.A.","BANCO BANDEPE S.A."
"BANCO HYUNDAI CAPITAL BRASIL S.A.","BANCO HYUNDAI CAPITAL BRASIL S.A."
"BANCO HYUNDAI CAPITAL BRASIL S.A.","BANCO RCI BRASIL S.A."
"BANCO HYUNDAI CAPITAL BRASIL S.A.","BANCO SANTANDER (BRASIL) S.A."
"BANCO IBM S.A.","BANCO IBM S.A."
"BANCO INBURSA S.A.","BANCO INBURSA S.A."
"BANCO INDUSCRED DE INVESTIMENTO S.A.","BANCO INDUSCRED DE INVESTIMENTO S.A."
"BANCO INDUSTRIAL DO BRASIL S.A.","BANCO INDUSTRIAL DO BRASIL S.A."
"BANCO INTER S.A.","BANCO INTER S.A."
"BANCO INVESTCRED UNIBANCO S.A.","BANCO INVESTCRED UNIBANCO S.A."
"BANCO INVESTCRED UNIBANCO S.A.","BANCO ITAÚ BBA S.A."
"BANCO INVESTCRED UNIBANCO S.A.","BANCO ITAÚ CONSIGNADO S.A."
"BANCO INVESTCRED UNIBANCO S.A.","BANCO ITAÚ VEÍCULOS S.A."
"BANCO INVESTCRED UNIBANCO S.A.","BANCO ITAUBANK S.A."
"BANCO INVESTCRED UNIBANCO S.A.","BANCO ITAUCARD S.A."
"BANCO INVESTCRED UNIBANCO S.A.","FINANCEIRA ITAÚ CBD S.A. CRÉDITO, FINANCIAMENTO E INVESTIMENTO"
"BANCO INVESTCRED UNIBANCO S.A.","HIPERCARD BANCO MÚLTIPLO S.A."
"BANCO INVESTCRED UNIBANCO S.A.","ITAÚ UNIBANCO HOLDING S.A."
"BANCO INVESTCRED UNIBANCO S.A.","ITAÚ UNIBANCO S.A."
"BANCO INVESTCRED UNIBANCO S.A.","LUIZACRED S.A. SOCIEDADE DE CRÉDITO, FINANCIAMENTO E INVESTIMENTO"
"BANCO ITAÚ BBA S.A.","BANCO INVESTCRED UNIBANCO S.A."
"BANCO ITAÚ BBA S.A.","BANCO ITAÚ BBA S.A."
"BANCO ITAÚ BBA S.A.","BANCO ITAÚ CONSIGNADO S.A."
"BANCO ITAÚ BBA S.A.","BANCO ITAÚ VEÍCULOS S.A."
"BANCO ITAÚ BBA S.A.","BANCO ITAUBANK S.A."
"BANCO ITAÚ BBA S.A.","BANCO ITAUCARD S.A."
"BANCO ITAÚ BBA S.A.","FINANCEIRA ITAÚ CBD S.A. CRÉDITO, FINANCIAMENTO E INVESTIMENTO"
"BANCO ITAÚ BBA S.A.","HIPERCARD BANCO MÚLTIPLO S.A."
"BANCO ITAÚ BBA S.A.","ITAÚ UNIBANCO HOLDING S.A."
"BANCO ITAÚ BBA S.A.","ITAÚ UNIBANCO S.A."
"BANCO ITAÚ BBA S.A.","LUIZACRED S.A. SOCIEDADE DE CRÉDITO, FINANCIAMENTO E INVESTIMENTO"
"BANCO ITAÚ CONSIGNADO S.A.","BANCO INVESTCRED UNIBANCO S.A."
"BANCO ITAÚ CONSIGNADO S.A.","BANCO ITAÚ BBA S.A."
"BANCO ITAÚ CONSIGNADO S.A.","BANCO ITAÚ CONSIGNADO S.A."
"BANCO ITAÚ CONSIGNADO S.A.","BANCO ITAÚ VEÍCULOS S.A."
"BANCO ITAÚ CONSIGNADO S.A.","BANCO ITAUBANK S.A."
"BANCO ITAÚ CONSIGNADO S.A.","BANCO ITAUCARD S.A."
"BANCO ITAÚ CONSIGNADO S.A.","FINANCEIRA ITAÚ CBD S.A. CRÉDITO, FINANCIAMENTO E INVESTIMENTO"
"BANCO ITAÚ CONSIGNADO S.A.","HIPERCARD BANCO MÚLTIPLO S.A."
"BANCO ITAÚ CONSIGNADO S.A.","ITAÚ UNIBANCO HOLDING S.A."
"BANCO ITAÚ CONSIGNADO S.A.","ITAÚ UNIBANCO S.A."
"BANCO ITAÚ CONSIGNADO S.A.","LUIZACRED S.A. SOCIEDADE DE CRÉDITO, FINANCIAMENTO E INVESTIMENTO"
"BANCO ITAÚ VEÍCULOS S.A.","BANCO INVESTCRED UNIBANCO S.A."
"BANCO ITAÚ VEÍCULOS S.A.","BANCO ITAÚ BBA S.A."
"BANCO ITAÚ VEÍCULOS S.A.","BANCO ITAÚ CONSIGNADO S.A."
"BANCO ITAÚ VEÍCULOS S.A.","BANCO ITAÚ VEÍCULOS S.A."
"BANCO ITAÚ VEÍCULOS S.A.","BANCO ITAUBANK S.A."
"BANCO ITAÚ VEÍCULOS S.A.","BANCO ITAUCARD S.A."
"BANCO ITAÚ VEÍCULOS S.A.","FINANCEIRA ITAÚ CBD S.A. CRÉDITO, FINANCIAMENTO E INVESTIMENTO"
"BANCO ITAÚ VEÍCULOS S.A.","HIPERCARD BANCO MÚLTIPLO S.A."
"BANCO ITAÚ VEÍCULOS S.A.","ITAÚ UNIBANCO HOLDING S.A."
"BANCO ITAÚ VEÍCULOS S.A.","ITAÚ UNIBANCO S.A."
"BANCO ITAÚ VEÍCULOS S.A.","LUIZACRED S.A. SOCIEDADE DE CRÉDITO, FINANCIAMENTO E INVESTIMENTO"
"BANCO ITAUBANK S.A.","BANCO INVESTCRED UNIBANCO S.A."
"BANCO ITAUBANK S.A.","BANCO ITAÚ BBA S.A."
"BANCO ITAUBANK S.A.","BANCO ITAÚ CONSIGNADO S.A."
"BANCO ITAUBANK S.A.","BANCO ITAÚ VEÍCULOS S.A."
"BANCO ITAUBANK S.A.","BANCO ITAUBANK S.A."
"BANCO ITAUBANK S.A.","BANCO ITAUCARD S.A."
"BANCO ITAUBANK S.A.","FINANCEIRA ITAÚ CBD S.A. CRÉDITO, FINANCIAMENTO E INVESTIMENTO"
"BANCO ITAUBANK S.A.","HIPERCARD BANCO MÚLTIPLO S.A."
"BANCO ITAUBANK S.A.","ITAÚ UNIBANCO HOLDING S.A."
"BANCO ITAUBANK S.A.","ITAÚ UNIBANCO S.A."
"BANCO ITAUBANK S.A.","LUIZACRED S.A. SOCIEDADE DE CRÉDITO, FINANCIAMENTO E INVESTIMENTO"
"BANCO ITAUCARD S.A.","BANCO INVESTCRED UNIBANCO S.A."
"BANCO ITAUCARD S.A.","BANCO ITAÚ BBA S.A."
"BANCO ITAUCARD S.A.","BANCO ITAÚ CONSIGNADO S.A."
"BANCO ITAUCARD S.A.","BANCO ITAÚ VEÍCULOS S.A."
"BANCO ITAUCARD S.A.","BANCO ITAUBANK S.A."
"BANCO ITAUCARD S.A.","BANCO ITAUCARD S.A."
"BANCO ITAUCARD S.A.","FINANCEIRA ITAÚ CBD S.A. CRÉDITO, FINANCIAMENTO E INVESTIMENTO"
"BANCO ITAUCARD S.A.","HIPERCARD BANCO MÚLTIPLO S.A."
"BANCO ITAUCARD S.A.","ITAÚ UNIBANCO HOLDING S.A."
"BANCO ITAUCARD S.A.","ITAÚ UNIBANCO S.A."
"BANCO ITAUCARD S.A.","LUIZACRED S.A. SOCIEDADE DE CRÉDITO, FINANCIAMENTO E INVESTIMENTO"
"BANCO J. SAFRA S.A.","BANCO ALFA DE INVESTIMENTO S.A."
"BANCO J. SAFRA S.A.","BANCO ALFA S.A."
"BANCO J. SAFRA S.A.","BANCO J. SAFRA S.A."
"BANCO J. SAFRA S.A.","BANCO SAFRA S.A."
"BANCO J. SAFRA S.A.","FINANCEIRA ALFA S.A. - CREDITO, FINANCIAMENTO E INVESTIMENTOS"
"BANCO J. SAFRA S.A.","SAFRA CRÉDITO, FINANCIAMENTO E INVESTIMENTO S.A."
"BANCO J.P. MORGAN S.A.","BANCO J.P. MORGAN S.A."
"BANCO J.P. MORGAN S.A.","JPMORGAN CHASE BANK, NATIONAL ASSOCIATION"
"BANCO JOHN DEERE S.A.","BANCO JOHN DEERE S.A."
"BANCO KDB DO BRASIL S.A.","BANCO KDB DO BRASIL S.A."
"BANCO KEB HANA DO BRASIL S.A.","BANCO KEB HANA DO BRASIL S.A."
"BANCO KOMATSU DO BRASIL S.A.","BANCO KOMATSU DO BRASIL S.A."
"BANCO LETSBANK S.A.","BANCO LETSBANK S.A."
"BANCO LETSBANK S.A.","BANCO MASTER DE INVESTIMENTO S.A."
"BANCO LETSBANK S.A.","BANCO MASTER S/A"
"BANCO LETSBANK S.A.","BANCO VOITER S.A."
"BANCO LOSANGO S.A. - BANCO MÚLTIPLO","BANCO BRADESCARD S.A."
"BANCO LOSANGO S.A. - BANCO MÚLTIPLO","BANCO BRADESCO BBI S.A."
"BANCO LOSANGO S.A. - BANCO MÚLTIPLO","BANCO BRADESCO BERJ S.A."
"BANCO LOSANGO S.A. - BANCO MÚLTIPLO","BANCO BRADESCO FINANCIAMENTOS S.A."
"BANCO LOSANGO S.A. - BANCO MÚLTIPLO","BANCO BRADESCO S.A."
"BANCO LOSANGO S.A. - BANCO MÚLTIPLO","BANCO DIGIO S.A."
"BANCO LOSANGO S.A. - BANCO MÚLTIPLO","BANCO LOSANGO S.A. - BANCO MÚLTIPLO"
"BANCO LOSANGO S.A. - BANCO MÚLTIPLO","KIRTON BANK S.A. - BANCO MÚLTIPLO"
"BANCO LUSO BRASILEIRO S.A.","BANCO LUSO BRASILEIRO S.A."
"BANCO MASTER DE INVESTIMENTO S.A.","BANCO LETSBANK S.A."
"BANCO MASTER DE INVESTIMENTO S.A.","BANCO MASTER DE INVESTIMENTO S.A."
"BANCO MASTER DE INVESTIMENTO S.A.","BANCO MASTER S/A"
"BANCO MASTER DE INVESTIMENTO S.A.","BANCO VOITER S.A."
"BANCO MASTER S/A","BANCO LETSBANK S.A."
"BANCO MASTER S/A","BANCO MASTER DE INVESTIMENTO S.A."
"BANCO MASTER S/A","BANCO MASTER S/A"
"BANCO MASTER S/A","BANCO VOITER S.A."
"BANCO MERCANTIL DE INVESTIMENTOS S/A","BANCO MERCANTIL DE INVESTIMENTOS S/A"
"BANCO MERCANTIL DE INVESTIMENTOS S/A","CREDITAQUI FINANCEIRA S.A. - CRÉDITO, FINANCIAMENTO E INVESTIMENTO"
"BANCO MERCANTIL DO BRASIL S.A.","BANCO MERCANTIL DE INVESTIMENTOS S/A"
"BANCO MERCANTIL DO BRASIL S.A.","CREDITAQUI FINANCEIRA S.A. - CRÉDITO, FINANCIAMENTO E INVESTIMENTO"
"BANCO MERCEDES-BENZ DO BRASIL S.A.","BANCO MERCEDES-BENZ DO BRASIL S.A."
"BANCO MIZUHO DO BRASIL S.A.","BANCO MIZUHO DO BRASIL S.A."
"BANCO MODAL S.A.","BANCO MODAL S.A."
"BANCO MODAL S.A.","BANCO XP S.A."
"BANCO MONEO S.A.","BANCO MONEO S.A."
"BANCO MORGAN STANLEY S.A.","BANCO MORGAN STANLEY S.A."
"BANCO MUFG BRASIL S.A.","BANCO MUFG BRASIL S.A."
"BANCO NACIONAL DE DESENVOLVIMENTO ECONOMICO E SOCIAL","BANCO NACIONAL DE DESENVOLVIMENTO ECONOMICO E SOCIAL"
"BANCO ORIGINAL S.A.","BANCO ORIGINAL S.A."
"BANCO ORIGINAL S.A.","PICPAY BANK - BANCO MÚLTIPLO S.A"
"BANCO OURINVEST S.A.","BANCO OURINVEST S.A."
"BANCO PACCAR S.A.","BANCO PACCAR S.A."
"BANCO PAN S.A.","BANCO BTG PACTUAL S.A."
"BANCO PAN S.A.","BANCO PAN S.A."
"BANCO PAN S.A.","BANCO SISTEMA S.A."
"BANCO PAN S.A.","PAN FINANCEIRA S.A. - CRÉDITO, FINANCIAMENTO E INVESTIMENTOS"
"BANCO PAULISTA S.A.","BANCO PAULISTA S.A."
"BANCO PINE S.A.","BANCO PINE S.A."
"BANCO PORTO REAL DE INVESTIMENTOS S.A","BANCO PORTO REAL DE INVESTIMENTOS S.A"
"BANCO RABOBANK INTERNATIONAL BRASIL S.A.","BANCO RABOBANK INTERNATIONAL BRASIL S.A."
"BANCO RANDON S.A.","BANCO RANDON S.A."
"BANCO RCI BRASIL S.A.","AYMORÉ CRÉDITO, FINANCIAMENTO E INVESTIMENTO S.A."
"BANCO RCI BRASIL S.A.","BANCO BANDEPE S.A."
"BANCO RCI BRASIL S.A.","BANCO HYUNDAI CAPITAL BRASIL S.A."
"BANCO RCI BRASIL S.A.","BANCO RCI BRASIL S.A."
"BANCO RCI BRASIL S.A.","BANCO SANTANDER (BRASIL) S.A."
"BANCO REGIONAL DE DESENVOLVIMENTO DO EXTREMO SUL","BANCO REGIONAL DE DESENVOLVIMENTO DO EXTREMO SUL"
"BANCO RENDIMENTO S.A.","BANCO RENDIMENTO S.A."
"BANCO RIBEIRAO PRETO S.A.","BANCO RIBEIRAO PRETO S.A."
"BANCO RNX S.A.","BANCO RNX S.A."
"BANCO RODOBENS S.A.","BANCO RODOBENS S.A."
"BANCO SAFRA S.A.","BANCO ALFA DE INVESTIMENTO S.A."
"BANCO SAFRA S.A.","BANCO ALFA S.A."
"BANCO SAFRA S.A.","BANCO J. SAFRA S.A."
"BANCO SAFRA S.A.","BANCO SAFRA S.A."
"BANCO SAFRA S.A.","FINANCEIRA ALFA S.A. - CREDITO, FINANCIAMENTO E INVESTIMENTOS"
"BANCO SAFRA S.A.","SAFRA CRÉDITO, FINANCIAMENTO E INVESTIMENTO S.A."
"BANCO SANTANDER (BRASIL) S.A.","AYMORÉ CRÉDITO, FINANCIAMENTO E INVESTIMENTO S.A."
"BANCO SANTANDER (BRASIL) S.A.","BANCO BANDEPE S.A."
"BANCO SANTANDER (BRASIL) S.A.","BANCO HYUNDAI CAPITAL BRASIL S.A."
"BANCO SANTANDER (BRASIL) S.A.","BANCO RCI BRASIL S.A."
"BANCO SANTANDER (BRASIL) S.A.","BANCO SANTANDER (BRASIL) S.A."
"BANCO SEMEAR S.A.","BANCO SEMEAR S.A."
"BANCO SENFF S.A.","BANCO SENFF S.A."
"BANCO SISTEMA S.A.","BANCO BTG PACTUAL S.A."
"BANCO SISTEMA S.A.","BANCO PAN S.A."
"BANCO SISTEMA S.A.","BANCO SISTEMA S.A."
"BANCO SISTEMA S.A.","PAN FINANCEIRA S.A. - CRÉDITO, FINANCIAMENTO E INVESTIMENTOS"
"BANCO SOCIETE GENERALE BRASIL S.A.","BANCO SOCIETE GENERALE BRASIL S.A."
"BANCO SOFISA S.A.","BANCO SOFISA S.A."
"BANCO SOFISA S.A.","SOFISA S.A. CRÉDITO, FINANCIAMENTO E INVESTIMENTO"
"BANCO SUMITOMO MITSUI BRASILEIRO S.A.","BANCO SUMITOMO MITSUI BRASILEIRO S.A."
"BANCO TOPÁZIO S.A.","BANCO TOPÁZIO S.A."
"BANCO TOYOTA DO BRASIL S.A.","BANCO TOYOTA DO BRASIL S.A."
"BANCO TRIANGULO S.A.","BANCO TRIANGULO S.A."
"BANCO TRICURY S.A.","BANCO TRICURY S.A."
"BANCO VOITER S.A.","BANCO LETSBANK S.A."
"BANCO VOITER S.A.","BANCO MASTER DE INVESTIMENTO S.A."
"BANCO VOITER S.A.","BANCO MASTER S/A"
"BANCO VOITER S.A.","BANCO VOITER S.A."
"BANCO VOLKSWAGEN S.A.","BANCO VOLKSWAGEN S.A."
"BANCO VOLVO BRASIL S.A.","BANCO VOLVO BRASIL S.A."
"BANCO VOTORANTIM S.A.","BANCO BV S.A."
"BANCO VR S.A.","BANCO VR S.A."
"BANCO WESTERN UNION DO BRASIL S.A.","BANCO WESTERN UNION DO BRASIL S.A."
"BANCO WOORI BANK DO BRASIL S.A.","BANCO WOORI BANK DO BRASIL S.A."
"BANCO XCMG BRASIL S.A.","BANCO XCMG BRASIL S.A."
"BANCO XP S.A.","BANCO MODAL S.A."
"BANCO XP S.A.","BANCO XP S.A."
"BANCO YAMAHA MOTOR DO BRASIL S.A.","BANCO YAMAHA MOTOR DO BRASIL S.A."
"BANCOSEGURO S.A.","BANCOSEGURO S.A."
"BANESTES S.A. BANCO DO ESTADO DO ESPIRITO SANTO","BANESTES S.A. BANCO DO ESTADO DO ESPIRITO SANTO"
"BANIF - BANCO INTERNACIONAL DO FUNCHAL (BRASIL), S.A.","BANCO LETSBANK S.A."
"BANIF - BANCO INTERNACIONAL DO FUNCHAL (BRASIL), S.A.","BANCO MASTER DE INVESTIMENTO S.A."
"BANIF - BANCO INTERNACIONAL DO FUNCHAL (BRASIL), S.A.","BANCO MASTER S/A"
"BANIF - BANCO INTERNACIONAL DO FUNCHAL (BRASIL), S.A.","BANCO VOITER S.A."
"BANK OF AMERICA MERRILL LYNCH BANCO MÚLTIPLO S.A.","BANK OF AMERICA MERRILL LYNCH BANCO MÚLTIPLO S.A."
"BARI COMPANHIA HIPOTECÁRIA","BANCO BARI DE INVESTIMENTOS E FINANCIAMENTOS S.A."
"BARI COMPANHIA HIPOTECÁRIA","BARI COMPANHIA HIPOTECÁRIA"
"BB-BANCO DE INVESTIMENTO S/A","BANCO DO BRASIL S.A."
"BB-BANCO DE INVESTIMENTO S/A","BB-BANCO DE INVESTIMENTO S/A"
"BBVA BRASIL BANCO DE INVESTIMENTO S.A.","BBVA BRASIL BANCO DE INVESTIMENTO S.A."
"BCV - BANCO DE CRÉDITO E VAREJO S.A.","BANCO BMG S.A."
"BCV - BANCO DE CRÉDITO E VAREJO S.A.","BANCO CIFRA S.A."
"BCV - BANCO DE CRÉDITO E VAREJO S.A.","BCV - BANCO DE CRÉDITO E VAREJO S.A."
"BECKER FINANCEIRA S.A. - CRÉDITO, FINANCIAMENTO E INVESTIMENTO","BECKER FINANCEIRA S.A. - CRÉDITO, FINANCIAMENTO E INVESTIMENTO"
"BMW FINANCEIRA S.A. - CREDITO, FINANCIAMENTO E INVESTIMENTO","BMW FINANCEIRA S.A. - CREDITO, FINANCIAMENTO E INVESTIMENTO"
"BNY MELLON BANCO S.A.","BNY MELLON BANCO S.A."
"BR PARTNERS BANCO DE INVESTIMENTO S.A.","BR PARTNERS BANCO DE INVESTIMENTO S.A."
"BRB - BANCO DE BRASILIA S.A.","BRB - BANCO DE BRASILIA S.A."
"BRB - BANCO DE BRASILIA S.A.","BRB - CREDITO, FINANCIAMENTO E INVESTIMENTO S/A"
"BRB - CREDITO, FINANCIAMENTO E INVESTIMENTO S/A","BRB - BANCO DE BRASILIA S.A."
"BRB - CREDITO, FINANCIAMENTO E INVESTIMENTO S/A","BRB - CREDITO, FINANCIAMENTO E INVESTIMENTO S/A"
"CAIXA ECONOMICA FEDERAL","CAIXA ECONOMICA FEDERAL"
"CALCRED S.A. - CRÉDITO, FINANCIAMENTO E INVESTIMENTO","CALCRED S.A. - CRÉDITO, FINANCIAMENTO E INVESTIMENTO"
"CARUANA S.A. - SOCIEDADE DE CRÉDITO, FINANCIAMENTO E INVESTIMENTO","CARUANA S.A. - SOCIEDADE DE CRÉDITO, FINANCIAMENTO E INVESTIMENTO"
"CCB BRASIL S.A. - CRÉDITO, FINANCIAMENTOS E INVESTIMENTOS","CCB BRASIL S.A. - CRÉDITO, FINANCIAMENTOS E INVESTIMENTOS"
"CCB BRASIL S.A. - CRÉDITO, FINANCIAMENTOS E INVESTIMENTOS","CHINA CONSTRUCTION BANK (BRASIL) BANCO MÚLTIPLO S/A"
"CENTROCRED S.A. CRÉDITO, FINANCIAMENTO E INVESTIMENTOS","CENTROCRED S.A. CRÉDITO, FINANCIAMENTO E INVESTIMENTOS"
"CHINA CONSTRUCTION BANK (BRASIL) BANCO MÚLTIPLO S/A","CCB BRASIL S.A. - CRÉDITO, FINANCIAMENTOS E INVESTIMENTOS"
"CHINA CONSTRUCTION BANK (BRASIL) BANCO MÚLTIPLO S/A","CHINA CONSTRUCTION BANK (BRASIL) BANCO MÚLTIPLO S/A"
"CITIBANK N.A.","BANCO CITIBANK S.A."
"CITIBANK N.A.","CITIBANK N.A."
"COBANSA COMPANHIA HIPOTECARIA","COBANSA COMPANHIA HIPOTECARIA"
"COBUCCIO S/A - SOCIEDADE DE CRÉDITO, FINANCIAMENTO E INVESTIMENTOS","COBUCCIO S/A - SOCIEDADE DE CRÉDITO, FINANCIAMENTO E INVESTIMENTOS"
"COMPANHIA HIPOTECÁRIA PIRATINI - CHP","COMPANHIA HIPOTECÁRIA PIRATINI - CHP"
"CREDIARE S.A. - CRÉDITO, FINANCIAMENTO E INVESTIMENTO","CREDIARE S.A. - CRÉDITO, FINANCIAMENTO E INVESTIMENTO"
"CREDITÁ S/A CRÉDITO, FINANCIAMENTO E INVESTIMENTO","CREDITÁ S/A CRÉDITO, FINANCIAMENTO E INVESTIMENTO"
"CREDITAQUI FINANCEIRA S.A. - CRÉDITO, FINANCIAMENTO E INVESTIMENTO","BANCO MERCANTIL DE INVESTIMENTOS S/A"
"CREDITAQUI FINANCEIRA S.A. - CRÉDITO, FINANCIAMENTO E INVESTIMENTO","CREDITAQUI FINANCEIRA S.A. - CRÉDITO, FINANCIAMENTO E INVESTIMENTO"
"CREFISA S.A.-CREDITO, FINANCIAMENTO E INVESTIMENTOS","BANCO CREFISA S.A."
"CREFISA S.A.-CREDITO, FINANCIAMENTO E INVESTIMENTOS","CREFISA S.A.-CREDITO, FINANCIAMENTO E INVESTIMENTOS"
"DAYCOVAL LEASING - BANCO MÚLTIPLO S.A.","BANCO DAYCOVAL S.A."
"DELFIN RIO S/A CREDITO IMOBILIARIO","DELFIN RIO S/A CREDITO IMOBILIARIO"
"DELFIN S.A. - CREDITO IMOBILIARIO","DELFIN S.A. - CREDITO IMOBILIARIO"
"DEUTSCHE BANK S.A. - BANCO ALEMAO","DEUTSCHE BANK S.A. - BANCO ALEMAO"
"DEUTSCHE SPARKASSEN LEASING DO BRASIL BANCO MÚLTIPLO S.A.","DEUTSCHE SPARKASSEN LEASING DO BRASIL BANCO MÚLTIPLO S.A."
"DIRECAO S.A. CREDITO, FINANCIAMENTO E INVESTIMENTO","DIRECAO S.A. CREDITO, FINANCIAMENTO E INVESTIMENTO"
"DM FINANCEIRA S.A. - CRÉDITO, FINANCIAMENTO E INVESTIMENTO","DM FINANCEIRA S.A. - CRÉDITO, FINANCIAMENTO E INVESTIMENTO"
"DUFRIO FINANCEIRA, CRÉDITO, FINANCIAMENTO E INVESTIMENTOS S.A.","DUFRIO FINANCEIRA, CRÉDITO, FINANCIAMENTO E INVESTIMENTOS S.A."
"ECONOMISA COMPANHIA HIPOTECÁRIA.","ECONOMISA COMPANHIA HIPOTECÁRIA."
"FACTA FINANCEIRA S.A. - CRÉDITO FINANCIAMENTO E INVESTIMENTO","FACTA FINANCEIRA S.A. - CRÉDITO FINANCIAMENTO E INVESTIMENTO"
"FAMÍLIA PAULISTA COMPANHIA HIPOTECÁRIA","FAMÍLIA PAULISTA COMPANHIA HIPOTECÁRIA"
"FINAMAX S.A. - CREDITO, FINANCIAMENTO E INVESTIMENTO","FINAMAX S.A. - CREDITO, FINANCIAMENTO E INVESTIMENTO"
"FINANCEIRA ALFA S.A. - CREDITO, FINANCIAMENTO E INVESTIMENTOS","BANCO ALFA DE INVESTIMENTO S.A."
"FINANCEIRA ALFA S.A. - CREDITO, FINANCIAMENTO E INVESTIMENTOS","BANCO ALFA S.A."
"FINANCEIRA ALFA S.A. - CREDITO, FINANCIAMENTO E INVESTIMENTOS","BANCO J. SAFRA S.A."
"FINANCEIRA ALFA S.A. - CREDITO, FINANCIAMENTO E INVESTIMENTOS","BANCO SAFRA S.A."
"FINANCEIRA ALFA S.A. - CREDITO, FINANCIAMENTO E INVESTIMENTOS","FINANCEIRA ALFA S.A. - CREDITO, FINANCIAMENTO E INVESTIMENTOS"
"FINANCEIRA ALFA S.A. - CREDITO, FINANCIAMENTO E INVESTIMENTOS","SAFRA CRÉDITO, FINANCIAMENTO E INVESTIMENTO S.A."
"FINANCEIRA ITAÚ CBD S.A. CRÉDITO, FINANCIAMENTO E INVESTIMENTO","BANCO INVESTCRED UNIBANCO S.A."
"FINANCEIRA ITAÚ CBD S.A. CRÉDITO, FINANCIAMENTO E INVESTIMENTO","BANCO ITAÚ BBA S.A."
"FINANCEIRA ITAÚ CBD S.A. CRÉDITO, FINANCIAMENTO E INVESTIMENTO","BANCO ITAÚ CONSIGNADO S.A."
"FINANCEIRA ITAÚ CBD S.A. CRÉDITO, FINANCIAMENTO E INVESTIMENTO","BANCO ITAÚ VEÍCULOS S.A."
"FINANCEIRA ITAÚ CBD S.A. CRÉDITO, FINANCIAMENTO E INVESTIMENTO","BANCO ITAUBANK S.A."
"FINANCEIRA ITAÚ CBD S.A. CRÉDITO, FINANCIAMENTO E INVESTIMENTO","BANCO ITAUCARD S.A."
"FINANCEIRA ITAÚ CBD S.A. CRÉDITO, FINANCIAMENTO E INVESTIMENTO","FINANCEIRA ITAÚ CBD S.A. CRÉDITO, FINANCIAMENTO E INVESTIMENTO"
"FINANCEIRA ITAÚ CBD S.A. CRÉDITO, FINANCIAMENTO E INVESTIMENTO","HIPERCARD BANCO MÚLTIPLO S.A."
"FINANCEIRA ITAÚ CBD S.A. CRÉDITO, FINANCIAMENTO E INVESTIMENTO","ITAÚ UNIBANCO HOLDING S.A."
"FINANCEIRA ITAÚ CBD S.A. CRÉDITO, FINANCIAMENTO E INVESTIMENTO","ITAÚ UNIBANCO S.A."
"FINANCEIRA ITAÚ CBD S.A. CRÉDITO, FINANCIAMENTO E INVESTIMENTO","LUIZACRED S.A. SOCIEDADE DE CRÉDITO, FINANCIAMENTO E INVESTIMENTO"
"GAZINCRED S.A. SOCIEDADE DE CRÉDITO, FINANCIAMENTO E INVESTIMENTO","GAZINCRED S.A. SOCIEDADE DE CRÉDITO, FINANCIAMENTO E INVESTIMENTO"
"GOLCRED S/A - CRÉDITO, FINANCIAMENTO E INVESTIMENTO","GOLCRED S/A - CRÉDITO, FINANCIAMENTO E INVESTIMENTO"
"GOLDMAN SACHS DO BRASIL BANCO MULTIPLO S.A.","GOLDMAN SACHS DO BRASIL BANCO MULTIPLO S.A."
"GRAZZIOTIN FINANCEIRA S/A - CRÉDITO, FINANCIAMENTO E INVESTIMENTOS","GRAZZIOTIN FINANCEIRA S/A - CRÉDITO, FINANCIAMENTO E INVESTIMENTOS"
"HAITONG BANCO DE INVESTIMENTO DO BRASIL S.A.","HAITONG BANCO DE INVESTIMENTO DO BRASIL S.A."
"HIPERCARD BANCO MÚLTIPLO S.A.","BANCO INVESTCRED UNIBANCO S.A."
"HIPERCARD BANCO MÚLTIPLO S.A.","BANCO ITAÚ BBA S.A."
"HIPERCARD BANCO MÚLTIPLO S.A.","BANCO ITAÚ CONSIGNADO S.A."
"HIPERCARD BANCO MÚLTIPLO S.A.","BANCO ITAÚ VEÍCULOS S.A."
"HIPERCARD BANCO MÚLTIPLO S.A.","BANCO ITAUBANK S.A."
"HIPERCARD BANCO MÚLTIPLO S.A.","BANCO ITAUCARD S.A."
"HIPERCARD BANCO MÚLTIPLO S.A.","FINANCEIRA ITAÚ CBD S.A. CRÉDITO, FINANCIAMENTO E INVESTIMENTO"
"HIPERCARD BANCO MÚLTIPLO S.A.","HIPERCARD BANCO MÚLTIPLO S.A."
"HIPERCARD BANCO MÚLTIPLO S.A.","ITAÚ UNIBANCO HOLDING S.A."
"HIPERCARD BANCO MÚLTIPLO S.A.","ITAÚ UNIBANCO S.A."
"HIPERCARD BANCO MÚLTIPLO S.A.","LUIZACRED S.A. SOCIEDADE DE CRÉDITO, FINANCIAMENTO E INVESTIMENTO"
"HS FINANCEIRA S/A CREDITO, FINANCIAMENTO E INVESTIMENTOS","HS FINANCEIRA S/A CREDITO, FINANCIAMENTO E INVESTIMENTOS"
"ICBC DO BRASIL BANCO MÚLTIPLO S.A.","ICBC DO BRASIL BANCO MÚLTIPLO S.A."
"INTESA SANPAOLO BRASIL S.A. - BANCO MÚLTIPLO","INTESA SANPAOLO BRASIL S.A. - BANCO MÚLTIPLO"
"ITAÚ UNIBANCO HOLDING S.A.","BANCO INVESTCRED UNIBANCO S.A."
"ITAÚ UNIBANCO HOLDING S.A.","BANCO ITAÚ BBA S.A."
"ITAÚ UNIBANCO HOLDING S.A.","BANCO ITAÚ CONSIGNADO S.A."
"ITAÚ UNIBANCO HOLDING S.A.","BANCO ITAÚ VEÍCULOS S.A."
"ITAÚ UNIBANCO HOLDING S.A.","BANCO ITAUBANK S.A."
"ITAÚ UNIBANCO HOLDING S.A.","BANCO ITAUCARD S.A."
"ITAÚ UNIBANCO HOLDING S.A.","FINANCEIRA ITAÚ CBD S.A. CRÉDITO, FINANCIAMENTO E INVESTIMENTO"
"ITAÚ UNIBANCO HOLDING S.A.","HIPERCARD BANCO MÚLTIPLO S.A."
"ITAÚ UNIBANCO HOLDING S.A.","ITAÚ UNIBANCO HOLDING S.A."
"ITAÚ UNIBANCO HOLDING S.A.","ITAÚ UNIBANCO S.A."
"ITAÚ UNIBANCO HOLDING S.A.","LUIZACRED S.A. SOCIEDADE DE CRÉDITO, FINANCIAMENTO E INVESTIMENTO"
"ITAÚ UNIBANCO S.A.","BANCO INVESTCRED UNIBANCO S.A."
"ITAÚ UNIBANCO S.A.","BANCO ITAÚ BBA S.A."
"ITAÚ UNIBANCO S.A.","BANCO ITAÚ CONSIGNADO S.A."
"ITAÚ UNIBANCO S.A.","BANCO ITAÚ VEÍCULOS S.A."
"ITAÚ UNIBANCO S.A.","BANCO ITAUBANK S.A."
"ITAÚ UNIBANCO S.A.","BANCO ITAUCARD S.A."
"ITAÚ UNIBANCO S.A.","FINANCEIRA ITAÚ CBD S.A. CRÉDITO, FINANCIAMENTO E INVESTIMENTO"
"ITAÚ UNIBANCO S.A.","HIPERCARD BANCO MÚLTIPLO S.A."
"ITAÚ UNIBANCO S.A.","ITAÚ UNIBANCO HOLDING S.A."
"ITAÚ UNIBANCO S.A.","ITAÚ UNIBANCO S.A."
"ITAÚ UNIBANCO S.A.","LUIZACRED S.A. SOCIEDADE DE CRÉDITO, FINANCIAMENTO E INVESTIMENTO"
"JBCRED S.A. SOCIEDADE DE CREDITO, FINANCIAMENTO E INVESTIMENTO","JBCRED S.A. SOCIEDADE DE CREDITO, FINANCIAMENTO E INVESTIMENTO"
"JPMORGAN CHASE BANK, NATIONAL ASSOCIATION","BANCO J.P. MORGAN S.A."
"JPMORGAN CHASE BANK, NATIONAL ASSOCIATION","JPMORGAN CHASE BANK, NATIONAL ASSOCIATION"
"KIRTON BANK S.A. - BANCO MÚLTIPLO","BANCO BRADESCARD S.A."
"KIRTON BANK S.A. - BANCO MÚLTIPLO","BANCO BRADESCO BBI S.A."
"KIRTON BANK S.A. - BANCO MÚLTIPLO","BANCO BRADESCO BERJ S.A."
"KIRTON BANK S.A. - BANCO MÚLTIPLO","BANCO BRADESCO FINANCIAMENTOS S.A."
"KIRTON BANK S.A. - BANCO MÚLTIPLO","BANCO BRADESCO S.A."
"KIRTON BANK S.A. - BANCO MÚLTIPLO","BANCO DIGIO S.A."
"KIRTON BANK S.A. - BANCO MÚLTIPLO","BANCO LOSANGO S.A. - BANCO MÚLTIPLO"
"KIRTON BANK S.A. - BANCO MÚLTIPLO","KIRTON BANK S.A. - BANCO MÚLTIPLO"
"KREDILIG S.A. - CRÉDITO, FINANCIAMENTO E INVESTIMENTO","KREDILIG S.A. - CRÉDITO, FINANCIAMENTO E INVESTIMENTO"
"LEBES FINANCEIRA S.A. - CRÉDITO, FINANCIAMENTO E INVESTIMENTO","LEBES FINANCEIRA S.A. - CRÉDITO, FINANCIAMENTO E INVESTIMENTO"
"LECCA CRÉDITO, FINANCIAMENTO E INVESTIMENTO S/A","LECCA CRÉDITO, FINANCIAMENTO E INVESTIMENTO S/A"
"LUIZACRED S.A. SOCIEDADE DE CRÉDITO, FINANCIAMENTO E INVESTIMENTO","BANCO INVESTCRED UNIBANCO S.A."
"LUIZACRED S.A. SOCIEDADE DE CRÉDITO, FINANCIAMENTO E INVESTIMENTO","BANCO ITAÚ BBA S.A."
"LUIZACRED S.A. SOCIEDADE DE CRÉDITO, FINANCIAMENTO E INVESTIMENTO","BANCO ITAÚ CONSIGNADO S.A."
"LUIZACRED S.A. SOCIEDADE DE CRÉDITO, FINANCIAMENTO E INVESTIMENTO","BANCO ITAÚ VEÍCULOS S.A."
"LUIZACRED S.A. SOCIEDADE DE CRÉDITO, FINANCIAMENTO E INVESTIMENTO","BANCO ITAUBANK S.A."
"LUIZACRED S.A. SOCIEDADE DE CRÉDITO, FINANCIAMENTO E INVESTIMENTO","BANCO ITAUCARD S.A."
"LUIZACRED S.A. SOCIEDADE DE CRÉDITO, FINANCIAMENTO E INVESTIMENTO","FINANCEIRA ITAÚ CBD S.A. CRÉDITO, FINANCIAMENTO E INVESTIMENTO"
"LUIZACRED S.A. SOCIEDADE DE CRÉDITO, FINANCIAMENTO E INVESTIMENTO","HIPERCARD BANCO MÚLTIPLO S.A."
"LUIZACRED S.A. SOCIEDADE DE CRÉDITO, FINANCIAMENTO E INVESTIMENTO","ITAÚ UNIBANCO HOLDING S.A."
"LUIZACRED S.A. SOCIEDADE DE CRÉDITO, FINANCIAMENTO E INVESTIMENTO","ITAÚ UNIBANCO S.A."
"LUIZACRED S.A. SOCIEDADE DE CRÉDITO, FINANCIAMENTO E INVESTIMENTO","LUIZACRED S.A. SOCIEDADE DE CRÉDITO, FINANCIAMENTO E INVESTIMENTO"
"M PAGAMENTOS S.A. - CRÉDITO FINANCIAMENTO E INVESTIMENTO","M PAGAMENTOS S.A. - CRÉDITO FINANCIAMENTO E INVESTIMENTO"
"MERCADO CRÉDITO SOCIEDADE DE CRÉDITO, FINANCIAMENTO E INVESTIMENTO S.A.","MERCADO CRÉDITO SOCIEDADE DE CRÉDITO, FINANCIAMENTO E INVESTIMENTO S.A."
"MIDWAY S.A. - CRÉDITO, FINANCIAMENTO E INVESTIMENTO","MIDWAY S.A. - CRÉDITO, FINANCIAMENTO E INVESTIMENTO"
"NEGRESCO S.A. - CREDITO, FINANCIAMENTO E INVESTIMENTOS","NEGRESCO S.A. - CREDITO, FINANCIAMENTO E INVESTIMENTOS"
"NEON FINANCEIRA - CRÉDITO, FINANCIAMENTO E INVESTIMENTO S.A.","NEON FINANCEIRA - CRÉDITO, FINANCIAMENTO E INVESTIMENTO S.A."
"NOVO BANCO CONTINENTAL S.A. - BANCO MÚLTIPLO","NOVO BANCO CONTINENTAL S.A. - BANCO MÚLTIPLO"
"NU FINANCEIRA S.A. - SOCIEDADE DE CRÉDITO, FINANCIAMENTO E INVESTIMENTO","NU FINANCEIRA S.A. - SOCIEDADE DE CRÉDITO, FINANCIAMENTO E INVESTIMENTO"
"OMNI BANCO S.A.","OMNI BANCO S.A."
"OMNI BANCO S.A.","OMNI S.A. - CREDITO FINANCIAMENTO E INVESTIMENTO"
"OMNI S.A. - CREDITO FINANCIAMENTO E INVESTIMENTO","OMNI BANCO S.A."
"OMNI S.A. - CREDITO FINANCIAMENTO E INVESTIMENTO","OMNI S.A. - CREDITO FINANCIAMENTO E INVESTIMENTO"
"PAN FINANCEIRA S.A. - CRÉDITO, FINANCIAMENTO E INVESTIMENTOS","BANCO BTG PACTUAL S.A."
"PAN FINANCEIRA S.A. - CRÉDITO, FINANCIAMENTO E INVESTIMENTOS","BANCO PAN S.A."
"PAN FINANCEIRA S.A. - CRÉDITO, FINANCIAMENTO E INVESTIMENTOS","BANCO SISTEMA S.A."
"PAN FINANCEIRA S.A. - CRÉDITO, FINANCIAMENTO E INVESTIMENTOS","PAN FINANCEIRA S.A. - CRÉDITO, FINANCIAMENTO E INVESTIMENTOS"
"PARANÁ BANCO S.A.","PARANÁ BANCO S.A."
"PARATI - CREDITO, FINANCIAMENTO E INVESTIMENTO S.A.","PARATI - CREDITO, FINANCIAMENTO E INVESTIMENTO S.A."
"PEFISA S.A. - CRÉDITO, FINANCIAMENTO E INVESTIMENTO","PEFISA S.A. - CRÉDITO, FINANCIAMENTO E INVESTIMENTO"
"PICPAY BANK - BANCO MÚLTIPLO S.A","BANCO ORIGINAL S.A."
"PICPAY BANK - BANCO MÚLTIPLO S.A","PICPAY BANK - BANCO MÚLTIPLO S.A"
"PINTOS S.A. CREDITO, FINANCIAMENTO E INVESTIMENTO","PINTOS S.A. CREDITO, FINANCIAMENTO E INVESTIMENTO"
"PLANTAE S.A. - CRÉDITO, FINANCIAMENTO E INVESTIMENTO","PLANTAE S.A. - CRÉDITO, FINANCIAMENTO E INVESTIMENTO"
"PORTOSEG S.A. - CREDITO, FINANCIAMENTO E INVESTIMENTO","PORTOSEG S.A. - CREDITO, FINANCIAMENTO E INVESTIMENTO"
"QISTA S.A. - CRÉDITO, FINANCIAMENTO E INVESTIMENTO","QISTA S.A. - CRÉDITO, FINANCIAMENTO E INVESTIMENTO"
"REALIZE CRÉDITO, FINANCIAMENTO E INVESTIMENTO S.A.","REALIZE CRÉDITO, FINANCIAMENTO E INVESTIMENTO S.A."
"RPW S/A SOCIEDADE DE CRÉDITO, FINANCIAMENTO E INVESTIMENTO","RPW S/A SOCIEDADE DE CRÉDITO, FINANCIAMENTO E INVESTIMENTO"
"SAFRA CRÉDITO, FINANCIAMENTO E INVESTIMENTO S.A.","BANCO ALFA DE INVESTIMENTO S.A."
"SAFRA CRÉDITO, FINANCIAMENTO E INVESTIMENTO S.A.","BANCO ALFA S.A."
"SAFRA CRÉDITO, FINANCIAMENTO E INVESTIMENTO S.A.","BANCO J. SAFRA S.A."
"SAFRA CRÉDITO, FINANCIAMENTO E INVESTIMENTO S.A.","BANCO SAFRA S.A."
"SAFRA CRÉDITO, FINANCIAMENTO E INVESTIMENTO S.A.","FINANCEIRA ALFA S.A. - CREDITO, FINANCIAMENTO E INVESTIMENTOS"
"SAFRA CRÉDITO, FINANCIAMENTO E INVESTIMENTO S.A.","SAFRA CRÉDITO, FINANCIAMENTO E INVESTIMENTO S.A."
"SANTINVEST S.A. - CREDITO, FINANCIAMENTO E INVESTIMENTOS","SANTINVEST S.A. - CREDITO, FINANCIAMENTO E INVESTIMENTOS"
"SCANIA BANCO S.A.","SCANIA BANCO S.A."
"SCOTIABANK BRASIL S.A. BANCO MÚLTIPLO","SCOTIABANK BRASIL S.A. BANCO MÚLTIPLO"
"SF3 CRÉDITO, FINANCIAMENTO E INVESTIMENTO S.A.","SF3 CRÉDITO, FINANCIAMENTO E INVESTIMENTO S.A."
"SIMPALA S.A. CRÉDITO, FINANCIAMENTO E INVESTIMENTO","SIMPALA S.A. CRÉDITO, FINANCIAMENTO E INVESTIMENTO"
"SINOSSERRA FINANCEIRA S/A - SOCIEDADE DE CRÉDITO, FINANCIAMENTO E INVESTIMENTO","SINOSSERRA FINANCEIRA S/A - SOCIEDADE DE CRÉDITO, FINANCIAMENTO E INVESTIMENTO"
"SOCIAL BANK BANCO MÚLTIPLO S/A","SOCIAL BANK BANCO MÚLTIPLO S/A"
"SOCIEDADE DE CRÉDITO, FINANCIAMENTO E INVESTIMENTO EFÍ S.A.","SOCIEDADE DE CRÉDITO, FINANCIAMENTO E INVESTIMENTO EFÍ S.A."
"SOCINAL S.A. - CRÉDITO, FINANCIAMENTO E INVESTIMENTO","SOCINAL S.A. - CRÉDITO, FINANCIAMENTO E INVESTIMENTO"
"SOFISA S.A. CRÉDITO, FINANCIAMENTO E INVESTIMENTO","BANCO SOFISA S.A."
"SOFISA S.A. CRÉDITO, FINANCIAMENTO E INVESTIMENTO","SOFISA S.A. CRÉDITO, FINANCIAMENTO E INVESTIMENTO"
"STARA FINANCEIRA S.A. - CRÉDITO FINANCIAMENTO E INVESTIMENTO","STARA FINANCEIRA S.A. - CRÉDITO FINANCIAMENTO E INVESTIMENTO"
"STATE STREET BRASIL S.A. - BANCO COMERCIAL","STATE STREET BRASIL S.A. - BANCO COMERCIAL"
"STONE SOCIEDADE DE CREDITO, FINANCIAMENTO E INVESTIMENTO S.A.","STONE SOCIEDADE DE CREDITO, FINANCIAMENTO E INVESTIMENTO S.A."
"TENTOS S.A. CRÉDITO, FINANCIAMENTO E INVESTIMENTO","TENTOS S.A. CRÉDITO, FINANCIAMENTO E INVESTIMENTO"
"TODESCREDI S/A - CRÉDITO, FINANCIAMENTO E INVESTIMENTO","TODESCREDI S/A - CRÉDITO, FINANCIAMENTO E INVESTIMENTO"
"UBS BRASIL BANCO DE INVESTIMENTO S.A.","UBS BRASIL BANCO DE INVESTIMENTO S.A."
"VIA CERTA FINANCIADORA S.A. - CRÉDITO, FINANCIAMENTO E INVESTIMENTOS","VIA CERTA FINANCIADORA S.A. - CRÉDITO, FINANCIAMENTO E INVESTIMENTOS"
"WILL FINANCEIRA S.A. CRÉDITO, FINANCIAMENTO E INVESTIMENTO","WILL FINANCEIRA S.A. CRÉDITO, FINANCIAMENTO E INVESTIMENTO"
"ZEMA CRÉDITO, FINANCIAMENTO E INVESTIMENTO S/A","ZEMA CRÉDITO, FINANCIAMENTO E INVESTIMENTO S/A"
